,date,hive_weight
14,2013-09-30 0:00:00,82.984
15,2013-10-01 0:00:00,82.812
16,2013-10-02 0:00:00,82.527
17,2013-10-03 0:00:00,82.318
18,2013-10-04 0:00:00,81.981
19,2013-10-05 0:00:00,81.41
20,2013-10-06 0:00:00,81.05
21,2013-10-07 0:00:00,80.816
22,2013-10-08 0:00:00,80.534
23,2013-10-09 0:00:00,80.281
24,2013-10-10 0:00:00,80.141
25,2013-10-11 0:00:00,79.931
26,2013-10-12 0:00:00,79.763
27,2013-10-13 0:00:00,80.127
28,2013-10-14 0:00:00,81.057
29,2013-10-15 0:00:00,81.127
30,2013-10-16 0:00:00,80.868
31,2013-10-17 0:00:00,80.603
32,2013-10-18 0:00:00,80.329
33,2013-10-19 0:00:00,80.192
34,2013-10-20 0:00:00,80.244
35,2013-10-21 0:00:00,79.961
36,2013-10-22 0:00:00,79.859
37,2013-10-23 0:00:00,79.856
38,2013-10-24 0:00:00,79.713
39,2013-10-25 0:00:00,79.662
40,2013-10-26 0:00:00,73.463
41,2013-10-27 0:00:00,62.675
42,2013-10-28 0:00:00,64.034
43,2013-10-29 0:00:00,63.915
44,2013-10-30 0:00:00,63.744
45,2013-10-31 0:00:00,63.576
46,2013-11-01 0:00:00,63.333
47,2013-11-02 0:00:00,63.095
48,2013-11-03 0:00:00,61.656
49,2013-11-04 0:00:00,60.588
50,2013-11-05 0:00:00,60.413
51,2013-11-06 0:00:00,59.943
52,2013-11-07 0:00:00,59.666
53,2013-11-08 0:00:00,59.492
54,2013-11-09 0:00:00,59.274
55,2013-11-10 0:00:00,59.31
56,2013-11-11 0:00:00,59.174
57,2013-11-12 0:00:00,59.134
58,2013-11-13 0:00:00,59.062
59,2013-11-14 0:00:00,58.997
60,2013-11-15 0:00:00,59.015
61,2013-11-16 0:00:00,58.916
62,2013-11-17 0:00:00,58.77
63,2013-11-18 0:00:00,58.759
64,2013-11-19 0:00:00,58.833
65,2013-11-20 0:00:00,59.202
66,2013-11-21 0:00:00,59.192
67,2013-11-22 0:00:00,46.927
68,2013-11-23 0:00:00,48.602
69,2013-11-24 0:00:00,47.423
70,2013-11-25 0:00:00,46.608
71,2013-11-26 0:00:00,46.474
72,2013-11-27 0:00:00,46.394
73,2013-11-28 0:00:00,46.305
74,2013-11-29 0:00:00,46.251
75,2013-11-30 0:00:00,46.163
76,2013-12-01 0:00:00,46.084
77,2013-12-02 0:00:00,46.101
78,2013-12-03 0:00:00,46.006
79,2013-12-04 0:00:00,46.148
80,2013-12-05 0:00:00,46.172
81,2013-12-06 0:00:00,46.109
82,2013-12-07 0:00:00,46.268
83,2013-12-08 0:00:00,46.156
84,2013-12-09 0:00:00,46.162
85,2013-12-10 0:00:00,46.014
86,2013-12-11 0:00:00,45.825
87,2013-12-12 0:00:00,45.656
88,2013-12-13 0:00:00,45.456
89,2013-12-14 0:00:00,45.346
90,2013-12-15 0:00:00,46.735
91,2013-12-16 0:00:00,47.91
92,2013-12-17 0:00:00,47.755
93,2013-12-18 0:00:00,47.631
94,2013-12-19 0:00:00,47.498
95,2013-12-20 0:00:00,47.655
96,2013-12-21 0:00:00,45.749
97,2013-12-22 0:00:00,44.608
98,2013-12-23 0:00:00,44.647
99,2013-12-24 0:00:00,44.567
100,2013-12-25 0:00:00,44.585
101,2013-12-26 0:00:00,44.495
102,2013-12-27 0:00:00,44.466
103,2013-12-28 0:00:00,44.407
104,2013-12-29 0:00:00,44.479
105,2013-12-30 0:00:00,44.406
106,2013-12-31 0:00:00,44.245
107,2014-01-01 0:00:00,44.168
108,2014-01-02 0:00:00,44.238
109,2014-01-03 0:00:00,44.187
110,2014-01-04 0:00:00,44.12
111,2014-01-05 0:00:00,44.296
112,2014-01-06 0:00:00,44.13
113,2014-01-07 0:00:00,44.06
114,2014-01-08 0:00:00,43.924
115,2014-01-09 0:00:00,44.019
116,2014-01-10 0:00:00,44.042
117,2014-01-11 0:00:00,44.068
118,2014-01-12 0:00:00,43.733
119,2014-01-13 0:00:00,43.519
120,2014-01-14 0:00:00,43.407
121,2014-01-15 0:00:00,43.269
122,2014-01-16 0:00:00,43.129
123,2014-01-17 0:00:00,43.008
124,2014-01-18 0:00:00,41.817
125,2014-01-19 0:00:00,40.222
126,2014-01-20 0:00:00,39.974
127,2014-01-21 0:00:00,39.821
128,2014-01-22 0:00:00,39.7
129,2014-01-23 0:00:00,39.435
130,2014-01-24 0:00:00,39.234
131,2014-01-25 0:00:00,39.077
132,2014-01-26 0:00:00,39.681
133,2014-01-27 0:00:00,40.044
134,2014-01-28 0:00:00,40.015
135,2014-01-29 0:00:00,39.967
136,2014-01-30 0:00:00,40.265
137,2014-01-31 0:00:00,40.316
138,2014-02-01 0:00:00,40.41
139,2014-02-02 0:00:00,40.22
140,2014-02-03 0:00:00,38.899
141,2014-02-04 0:00:00,36.749
142,2014-02-05 0:00:00,37.128
143,2014-02-06 0:00:00,37.209
144,2014-02-07 0:00:00,37.39
145,2014-02-08 0:00:00,37.055
146,2014-02-09 0:00:00,36.12
147,2014-02-10 0:00:00,36.238
148,2014-02-11 0:00:00,36.034
149,2014-02-12 0:00:00,35.74
150,2014-02-13 0:00:00,35.381
151,2014-02-14 0:00:00,35.14
152,2014-02-15 0:00:00,34.949
153,2014-02-16 0:00:00,36.989
154,2014-02-17 0:00:00,39.956
155,2014-02-18 0:00:00,39.432
156,2014-02-19 0:00:00,39.351
157,2014-02-20 0:00:00,39.498
158,2014-02-21 0:00:00,39.56
159,2014-02-22 0:00:00,39.293
160,2014-02-23 0:00:00,38.82
161,2014-02-24 0:00:00,39.068
162,2014-02-25 0:00:00,39.543
163,2014-02-26 0:00:00,39.49
164,2014-02-27 0:00:00,39.251
165,2014-02-28 0:00:00,39.301
166,2014-03-01 0:00:00,38.898
167,2014-03-02 0:00:00,46.042
168,2014-03-03 0:00:00,58.6
169,2014-03-04 0:00:00,57.598
170,2014-03-05 0:00:00,57.524
171,2014-03-06 0:00:00,57.412
172,2014-03-07 0:00:00,57.224
173,2014-03-08 0:00:00,56.913
174,2014-03-09 0:00:00,55.463
175,2014-03-10 0:00:00,53.783
176,2014-03-11 0:00:00,53.951
177,2014-03-12 0:00:00,54.082
178,2014-03-13 0:00:00,54.02
179,2014-03-14 0:00:00,53.552
180,2014-03-15 0:00:00,63.097
181,2014-03-16 0:00:00,70.26
182,2014-03-17 0:00:00,71.709
183,2014-03-18 0:00:00,72.326
184,2014-03-19 0:00:00,69.84
185,2014-03-20 0:00:00,72.203
186,2014-03-21 0:00:00,73.729
187,2014-03-22 0:00:00,74.4
188,2014-03-23 0:00:00,75.207
189,2014-03-24 0:00:00,76.885
190,2014-03-25 0:00:00,77.907
191,2014-03-26 0:00:00,78.966
192,2014-03-27 0:00:00,78.989
193,2014-03-28 0:00:00,79.195
194,2014-03-29 0:00:00,80.712
195,2014-03-30 0:00:00,81.276
196,2014-03-31 0:00:00,81.503
197,2014-04-01 0:00:00,81.975
198,2014-04-02 0:00:00,81.408
199,2014-04-03 0:00:00,80.691
200,2014-04-04 0:00:00,80.676
201,2014-04-05 0:00:00,82.218
202,2014-04-06 0:00:00,83.955
203,2014-04-07 0:00:00,85.381
204,2014-04-08 0:00:00,87.033
205,2014-04-09 0:00:00,88.131
206,2014-04-10 0:00:00,89.034
207,2014-04-11 0:00:00,89.858
208,2014-04-12 0:00:00,84.535
209,2014-04-13 0:00:00,82.782
210,2014-04-14 0:00:00,83.648
211,2014-04-15 0:00:00,84.564
212,2014-04-16 0:00:00,85.335
213,2014-04-17 0:00:00,85.873
214,2014-04-18 0:00:00,86.333
215,2014-04-19 0:00:00,86.794
216,2014-04-20 0:00:00,87.258
217,2014-04-21 0:00:00,88.116
218,2014-04-22 0:00:00,88.036
219,2014-04-23 0:00:00,88.016
220,2014-04-24 0:00:00,88.364
221,2014-04-25 0:00:00,92.367
222,2014-04-26 0:00:00,100.174
223,2014-04-27 0:00:00,99.999
224,2014-04-28 0:00:00,100.394
225,2014-04-29 0:00:00,100.629
226,2014-04-30 0:00:00,100.664
227,2014-05-01 0:00:00,100.987
228,2014-05-02 0:00:00,101.107
229,2014-05-03 0:00:00,101.331
230,2014-05-04 0:00:00,101.065
231,2014-05-05 0:00:00,101.431
232,2014-05-06 0:00:00,101.239
233,2014-05-07 0:00:00,101.995
234,2014-05-08 0:00:00,102.074
235,2014-05-09 0:00:00,102.27
236,2014-05-10 0:00:00,102.234
237,2014-05-11 0:00:00,102.338
238,2014-05-12 0:00:00,101.708
239,2014-05-13 0:00:00,101.709
240,2014-05-14 0:00:00,101.768
241,2014-05-15 0:00:00,101.85
242,2014-05-16 0:00:00,101.943
243,2014-05-17 0:00:00,101.854
244,2014-05-18 0:00:00,102.041
245,2014-05-19 0:00:00,102.296
246,2014-05-20 0:00:00,102.306
247,2014-05-21 0:00:00,101.947
248,2014-05-22 0:00:00,101.595
249,2014-05-23 0:00:00,101.281
250,2014-05-24 0:00:00,100.691
251,2014-05-25 0:00:00,100.532
252,2014-05-26 0:00:00,94.9
253,2014-05-27 0:00:00,87.309
254,2014-05-28 0:00:00,86.303
255,2014-05-29 0:00:00,84.483
256,2014-05-30 0:00:00,83.974
257,2014-05-31 0:00:00,82.931
258,2014-06-01 0:00:00,83.59
259,2014-06-02 0:00:00,83.723
260,2014-06-03 0:00:00,83.014
261,2014-06-04 0:00:00,82.477
262,2014-06-05 0:00:00,82.2
263,2014-06-06 0:00:00,81.831
264,2014-06-07 0:00:00,81.44
265,2014-06-08 0:00:00,80.919
266,2014-06-09 0:00:00,80.567
267,2014-06-10 0:00:00,80.372
268,2014-06-11 0:00:00,80.24
269,2014-06-12 0:00:00,80.128
270,2014-06-13 0:00:00,80.742
271,2014-06-14 0:00:00,82.74
272,2014-06-15 0:00:00,82.684
273,2014-06-16 0:00:00,82.494
274,2014-06-17 0:00:00,82.308
275,2014-06-18 0:00:00,81.991
276,2014-06-19 0:00:00,81.776
277,2014-06-20 0:00:00,81.628
278,2014-06-21 0:00:00,81.603
279,2014-06-22 0:00:00,81.38
280,2014-06-23 0:00:00,81.327
281,2014-06-24 0:00:00,81.34
282,2014-06-25 0:00:00,81.164
283,2014-06-26 0:00:00,81.04
284,2014-06-27 0:00:00,81.341
285,2014-06-28 0:00:00,83.207
286,2014-06-29 0:00:00,82.737
287,2014-06-30 0:00:00,82.544
288,2014-07-01 0:00:00,82.29
289,2014-07-02 0:00:00,82.226
290,2014-07-03 0:00:00,82.074
291,2014-07-04 0:00:00,81.904
292,2014-07-05 0:00:00,81.845
293,2014-07-06 0:00:00,81.707
294,2014-07-07 0:00:00,81.543
295,2014-07-08 0:00:00,81.278
296,2014-07-09 0:00:00,81.067
297,2014-07-10 0:00:00,80.755
298,2014-07-11 0:00:00,80.397
299,2014-07-12 0:00:00,82.031
300,2014-07-13 0:00:00,86.608
301,2014-07-14 0:00:00,86.141
302,2014-07-15 0:00:00,85.641
303,2014-07-16 0:00:00,85.282
304,2014-07-17 0:00:00,85.032
305,2014-07-18 0:00:00,84.565
306,2014-07-19 0:00:00,84.164
307,2014-07-20 0:00:00,83.833
308,2014-07-21 0:00:00,83.544
309,2014-07-22 0:00:00,83.14
310,2014-07-23 0:00:00,78.922
311,2014-07-24 0:00:00,75.055
312,2014-07-25 0:00:00,74.616
313,2014-07-26 0:00:00,74.151
314,2014-07-27 0:00:00,73.797
315,2014-07-28 0:00:00,73.517
316,2014-07-29 0:00:00,73.394
317,2014-07-30 0:00:00,73.149
318,2014-07-31 0:00:00,72.929
319,2014-08-01 0:00:00,74.622
320,2014-08-02 0:00:00,70.327
321,2014-08-03 0:00:00,66.109
322,2014-08-04 0:00:00,65.427
323,2014-08-05 0:00:00,64.526
324,2014-08-06 0:00:00,64.053
325,2014-08-07 0:00:00,64.251
326,2014-08-08 0:00:00,63.133
327,2014-08-09 0:00:00,64.927
328,2014-08-10 0:00:00,67.306
329,2014-08-11 0:00:00,66.532
330,2014-08-12 0:00:00,65.831
331,2014-08-13 0:00:00,64.988
332,2014-08-14 0:00:00,63.875
333,2014-08-15 0:00:00,65.309
334,2014-08-16 0:00:00,66.722
335,2014-08-17 0:00:00,66.24
336,2014-08-18 0:00:00,65.577
337,2014-08-19 0:00:00,67.757
338,2014-08-20 0:00:00,74.325
339,2014-08-21 0:00:00,72.803
340,2014-08-22 0:00:00,71.882
341,2014-08-23 0:00:00,68.81
342,2014-08-24 0:00:00,66.369
343,2014-08-25 0:00:00,65.945
344,2014-08-26 0:00:00,65.449
345,2014-08-27 0:00:00,64.875
346,2014-08-28 0:00:00,64.607
347,2014-08-29 0:00:00,64.455
348,2014-08-30 0:00:00,64.216
349,2014-08-31 0:00:00,63.23
350,2014-09-01 0:00:00,62.199
351,2014-09-02 0:00:00,63.593
352,2014-09-03 0:00:00,64.434
353,2014-09-04 0:00:00,64.413
354,2014-09-05 0:00:00,64.425
355,2014-09-06 0:00:00,64.34
356,2014-09-07 0:00:00,64.343
357,2014-09-08 0:00:00,61.249
358,2014-09-09 0:00:00,57.233
359,2014-09-10 0:00:00,57.289
360,2014-09-11 0:00:00,57.647
361,2014-09-12 0:00:00,57.112
362,2014-09-13 0:00:00,57.022
363,2014-09-14 0:00:00,56.894
364,2014-09-15 0:00:00,56.658
365,2014-09-16 0:00:00,56.537
366,2014-09-17 0:00:00,56.627
367,2014-09-18 0:00:00,56.589
368,2014-09-19 0:00:00,56.094
369,2014-09-20 0:00:00,55.876
370,2014-09-21 0:00:00,55.569
371,2014-09-22 0:00:00,55.26
372,2014-09-23 0:00:00,55.017
373,2014-09-24 0:00:00,54.794
374,2014-09-25 0:00:00,55.02
375,2014-09-26 0:00:00,54.814
376,2014-09-27 0:00:00,54.121
377,2014-09-28 0:00:00,53.678
378,2014-09-29 0:00:00,53.668
379,2014-09-30 0:00:00,53.503
380,2014-10-01 0:00:00,53.309
381,2014-10-02 0:00:00,53.302
382,2014-10-03 0:00:00,53.178
383,2014-10-04 0:00:00,53.162
384,2014-10-05 0:00:00,53.175
385,2014-10-06 0:00:00,53.201
386,2014-10-07 0:00:00,53.3
387,2014-10-08 0:00:00,53.36
388,2014-10-09 0:00:00,53.505
389,2014-10-10 0:00:00,53.476
390,2014-10-11 0:00:00,53.544
391,2014-10-12 0:00:00,53.685
392,2014-10-13 0:00:00,53.857
393,2014-10-14 0:00:00,53.712
394,2014-10-15 0:00:00,53.739
395,2014-10-16 0:00:00,53.822
396,2014-10-17 0:00:00,53.893
397,2014-10-18 0:00:00,53.938
398,2014-10-19 0:00:00,54.16
399,2014-10-20 0:00:00,54.387
400,2014-10-21 0:00:00,54.507
401,2014-10-22 0:00:00,54.649
402,2014-10-23 0:00:00,54.899
403,2014-10-24 0:00:00,55.111
404,2014-10-25 0:00:00,55.591
405,2014-10-26 0:00:00,55.714
406,2014-10-27 0:00:00,55.815
407,2014-10-28 0:00:00,55.962
408,2014-10-29 0:00:00,56.079
409,2014-10-30 0:00:00,56.146
410,2014-10-31 0:00:00,56.344
411,2014-11-01 0:00:00,56.442
412,2014-11-02 0:00:00,56.398
413,2014-11-03 0:00:00,56.511
414,2014-11-04 0:00:00,56.434
415,2014-11-05 0:00:00,56.439
416,2014-11-06 0:00:00,56.515
417,2014-11-07 0:00:00,56.523
418,2014-11-08 0:00:00,56.633
419,2014-11-09 0:00:00,56.849
420,2014-11-10 0:00:00,56.855
421,2014-11-11 0:00:00,56.915
422,2014-11-12 0:00:00,57.021
423,2014-11-13 0:00:00,57.61
424,2014-11-14 0:00:00,57.542
425,2014-11-15 0:00:00,58.274
426,2014-11-16 0:00:00,58.227
427,2014-11-17 0:00:00,58.432
428,2014-11-18 0:00:00,58.984
429,2014-11-19 0:00:00,58.59
430,2014-11-20 0:00:00,58.374
431,2014-11-21 0:00:00,58.124
432,2014-11-22 0:00:00,62.198
433,2014-11-23 0:00:00,61.045
434,2014-11-24 0:00:00,61.78
435,2014-11-25 0:00:00,62.136
436,2014-11-26 0:00:00,63.64
437,2014-11-27 0:00:00,61.305
438,2014-11-28 0:00:00,61.394
439,2014-11-29 0:00:00,62.08
440,2014-11-30 0:00:00,62.422
441,2014-12-01 0:00:00,62.784
442,2014-12-02 0:00:00,62.909
443,2014-12-03 0:00:00,62.942
444,2014-12-04 0:00:00,63.118
445,2014-12-05 0:00:00,63.423
446,2014-12-06 0:00:00,63.835
447,2014-12-07 0:00:00,64.36
448,2014-12-08 0:00:00,64.386
449,2014-12-09 0:00:00,64.284
450,2014-12-10 0:00:00,64.166
451,2014-12-11 0:00:00,64.635
452,2014-12-12 0:00:00,64.994
453,2014-12-13 0:00:00,64.73
454,2014-12-14 0:00:00,64.291
455,2014-12-15 0:00:00,64.653
456,2014-12-16 0:00:00,64.613
457,2014-12-17 0:00:00,64.687
458,2014-12-18 0:00:00,64.482
459,2014-12-19 0:00:00,64.426
460,2014-12-20 0:00:00,64.09
461,2014-12-21 0:00:00,63.678
462,2014-12-22 0:00:00,63.536
463,2014-12-23 0:00:00,63.598
464,2014-12-24 0:00:00,63.591
465,2014-12-25 0:00:00,59.623
466,2014-12-26 0:00:00,60.02
467,2014-12-27 0:00:00,62.215
468,2014-12-28 0:00:00,61.949
469,2014-12-29 0:00:00,61.855
470,2014-12-30 0:00:00,61.718
471,2014-12-31 0:00:00,62.208
472,2015-01-01 0:00:00,61.414
473,2015-01-02 0:00:00,61.226
474,2015-01-03 0:00:00,60.955
475,2015-01-04 0:00:00,61.005
476,2015-01-05 0:00:00,62.91
477,2015-01-06 0:00:00,62.834
478,2015-01-07 0:00:00,62.16
479,2015-01-08 0:00:00,61.838
480,2015-01-09 0:00:00,61.828
481,2015-01-10 0:00:00,61.977
482,2015-01-11 0:00:00,61.943
483,2015-01-12 0:00:00,62.179
484,2015-01-13 0:00:00,62.888
485,2015-01-14 0:00:00,63.491
486,2015-01-15 0:00:00,63.537
487,2015-01-16 0:00:00,63.768
488,2015-01-17 0:00:00,64.038
489,2015-01-18 0:00:00,64.303
490,2015-01-19 0:00:00,64.564
491,2015-01-20 0:00:00,64.891
492,2015-01-21 0:00:00,65.917
493,2015-01-22 0:00:00,66.599
494,2015-01-23 0:00:00,67.346
495,2015-01-24 0:00:00,74.405
496,2015-01-25 0:00:00,82.47
497,2015-01-26 0:00:00,82.668
498,2015-01-27 0:00:00,83.023
499,2015-01-28 0:00:00,88.088
500,2015-01-29 0:00:00,91.865
501,2015-01-30 0:00:00,91.607
502,2015-01-31 0:00:00,91.789
503,2015-02-01 0:00:00,92.029
504,2015-02-02 0:00:00,91.92
505,2015-02-03 0:00:00,92.206
506,2015-02-04 0:00:00,92.671
507,2015-02-05 0:00:00,92.934
508,2015-02-06 0:00:00,92.931
509,2015-02-07 0:00:00,93.008
510,2015-02-08 0:00:00,92.848
511,2015-02-09 0:00:00,92.71
512,2015-02-10 0:00:00,92.439
513,2015-02-11 0:00:00,92.7
514,2015-02-12 0:00:00,89.469
515,2015-02-13 0:00:00,87.995
516,2015-02-14 0:00:00,88.475
517,2015-02-15 0:00:00,89.05
518,2015-02-16 0:00:00,89.619
519,2015-02-17 0:00:00,89.448
520,2015-02-18 0:00:00,89.356
521,2015-02-19 0:00:00,89.821
522,2015-02-20 0:00:00,90.928
523,2015-02-21 0:00:00,93.276
524,2015-02-22 0:00:00,93.854
525,2015-02-23 0:00:00,93.931
526,2015-02-24 0:00:00,93.856
527,2015-02-25 0:00:00,94.526
528,2015-02-26 0:00:00,95.352
529,2015-02-27 0:00:00,95.655
530,2015-02-28 0:00:00,95.606
531,2015-03-01 0:00:00,96.092
532,2015-03-02 0:00:00,96.683
533,2015-03-03 0:00:00,97.177
534,2015-03-04 0:00:00,106.12
535,2015-03-05 0:00:00,112.202
536,2015-03-06 0:00:00,112.75
537,2015-03-07 0:00:00,113.222
538,2015-03-08 0:00:00,113.891
539,2015-03-09 0:00:00,115.029
540,2015-03-10 0:00:00,116.135
541,2015-03-11 0:00:00,117.079
542,2015-03-12 0:00:00,117.779
543,2015-03-13 0:00:00,118.925
544,2015-03-14 0:00:00,119.916
545,2015-03-15 0:00:00,120.543
546,2015-03-16 0:00:00,120.519
547,2015-03-17 0:00:00,120.675
548,2015-03-18 0:00:00,120.992
549,2015-03-19 0:00:00,121.561
550,2015-03-20 0:00:00,122.149
551,2015-03-21 0:00:00,122.421
552,2015-03-22 0:00:00,122.839
553,2015-03-23 0:00:00,123.86
554,2015-03-24 0:00:00,123.637
555,2015-03-25 0:00:00,124.047
556,2015-03-26 0:00:00,124.827
557,2015-03-27 0:00:00,125.454
558,2015-03-28 0:00:00,123.799
559,2015-03-29 0:00:00,123.712
560,2015-03-30 0:00:00,124.186
561,2015-03-31 0:00:00,124.377
562,2015-04-01 0:00:00,124.561
563,2015-04-02 0:00:00,124.924
564,2015-04-03 0:00:00,125.639
565,2015-04-04 0:00:00,108.11
566,2015-04-05 0:00:00,102.285
567,2015-04-06 0:00:00,103.0
568,2015-04-07 0:00:00,102.846
569,2015-04-08 0:00:00,102.634
570,2015-04-09 0:00:00,102.891
571,2015-04-10 0:00:00,103.225
572,2015-04-11 0:00:00,103.766
573,2015-04-12 0:00:00,104.712
574,2015-04-13 0:00:00,105.717
575,2015-04-14 0:00:00,105.904
576,2015-04-15 0:00:00,106.71
577,2015-04-16 0:00:00,108.432
578,2015-04-17 0:00:00,110.293
579,2015-04-18 0:00:00,111.829
580,2015-04-19 0:00:00,113.114
581,2015-04-20 0:00:00,114.453
582,2015-04-21 0:00:00,115.697
583,2015-04-22 0:00:00,116.6
584,2015-04-23 0:00:00,117.984
585,2015-04-24 0:00:00,118.924
586,2015-04-25 0:00:00,120.045
587,2015-04-26 0:00:00,119.743
588,2015-04-27 0:00:00,121.489
589,2015-04-28 0:00:00,122.712
590,2015-04-29 0:00:00,123.108
591,2015-04-30 0:00:00,124.469
592,2015-05-01 0:00:00,126.648
593,2015-05-02 0:00:00,127.946
594,2015-05-03 0:00:00,128.887
595,2015-05-04 0:00:00,129.267
596,2015-05-05 0:00:00,129.59
597,2015-05-06 0:00:00,130.179
598,2015-05-07 0:00:00,131.008
599,2015-05-08 0:00:00,131.372
600,2015-05-09 0:00:00,132.032
601,2015-05-10 0:00:00,132.549
602,2015-05-11 0:00:00,133.093
603,2015-05-12 0:00:00,132.804
604,2015-05-13 0:00:00,132.79
605,2015-05-14 0:00:00,132.576
606,2015-05-15 0:00:00,132.369
607,2015-05-16 0:00:00,131.909
608,2015-05-17 0:00:00,131.852
609,2015-05-18 0:00:00,131.693
610,2015-05-19 0:00:00,130.989
611,2015-05-20 0:00:00,130.405
612,2015-05-21 0:00:00,129.945
613,2015-05-22 0:00:00,129.574
614,2015-05-23 0:00:00,128.553
615,2015-05-24 0:00:00,127.178
616,2015-05-25 0:00:00,125.978
617,2015-05-26 0:00:00,125.117
618,2015-05-27 0:00:00,124.291
619,2015-05-28 0:00:00,120.902
620,2015-05-29 0:00:00,117.267
621,2015-05-30 0:00:00,115.06
622,2015-05-31 0:00:00,113.103
623,2015-06-01 0:00:00,115.564
624,2015-06-02 0:00:00,116.307
625,2015-06-03 0:00:00,120.086
626,2015-06-04 0:00:00,116.221
627,2015-06-05 0:00:00,109.551
628,2015-06-06 0:00:00,114.377
629,2015-06-07 0:00:00,114.945
630,2015-06-08 0:00:00,115.327
631,2015-06-09 0:00:00,117.864
632,2015-06-10 0:00:00,120.053
633,2015-06-11 0:00:00,120.654
634,2015-06-12 0:00:00,121.247
635,2015-06-13 0:00:00,121.279
636,2015-06-14 0:00:00,122.037
637,2015-06-15 0:00:00,122.718
638,2015-06-16 0:00:00,123.501
639,2015-06-17 0:00:00,122.319
640,2015-06-18 0:00:00,122.047
641,2015-06-19 0:00:00,121.646
642,2015-06-20 0:00:00,121.245
643,2015-06-21 0:00:00,121.476
644,2015-06-22 0:00:00,122.34
645,2015-06-23 0:00:00,122.813
646,2015-06-24 0:00:00,122.641
647,2015-06-25 0:00:00,123.5
648,2015-06-26 0:00:00,124.251
649,2015-06-27 0:00:00,125.379
650,2015-06-28 0:00:00,125.837
651,2015-06-29 0:00:00,125.663
652,2015-06-30 0:00:00,125.023
653,2015-07-01 0:00:00,124.751
654,2015-07-02 0:00:00,124.7
655,2015-07-03 0:00:00,124.9
656,2015-07-04 0:00:00,125.3
657,2015-07-05 0:00:00,127.228
658,2015-07-06 0:00:00,126.644
659,2015-07-07 0:00:00,127.331
660,2015-07-08 0:00:00,127.217
661,2015-07-09 0:00:00,126.23
662,2015-07-10 0:00:00,125.715
663,2015-07-11 0:00:00,126.216
664,2015-07-12 0:00:00,127.204
665,2015-07-13 0:00:00,127.612
666,2015-07-14 0:00:00,127.737
667,2015-07-15 0:00:00,127.228
668,2015-07-16 0:00:00,126.73
669,2015-07-17 0:00:00,127.283
670,2015-07-18 0:00:00,128.341
671,2015-07-19 0:00:00,129.205
672,2015-07-20 0:00:00,129.653
673,2015-07-21 0:00:00,130.635
674,2015-07-22 0:00:00,132.155
675,2015-07-23 0:00:00,132.662
676,2015-07-24 0:00:00,132.483
677,2015-07-25 0:00:00,133.222
678,2015-07-26 0:00:00,133.972
679,2015-07-27 0:00:00,134.073
680,2015-07-28 0:00:00,134.486
681,2015-07-29 0:00:00,135.865
682,2015-07-30 0:00:00,135.488
683,2015-07-31 0:00:00,134.899
684,2015-08-01 0:00:00,134.57
685,2015-08-02 0:00:00,134.489
686,2015-08-03 0:00:00,134.125
687,2015-08-04 0:00:00,133.879
688,2015-08-05 0:00:00,133.521
689,2015-08-06 0:00:00,134.485
690,2015-08-07 0:00:00,135.307
691,2015-08-08 0:00:00,135.735
692,2015-08-09 0:00:00,135.594
693,2015-08-10 0:00:00,136.284
694,2015-08-11 0:00:00,136.599
695,2015-08-12 0:00:00,135.919
696,2015-08-13 0:00:00,135.78
697,2015-08-14 0:00:00,136.08
698,2015-08-15 0:00:00,136.893
699,2015-08-16 0:00:00,113.206
700,2015-08-17 0:00:00,104.474
701,2015-08-18 0:00:00,103.655
702,2015-08-19 0:00:00,103.245
703,2015-08-20 0:00:00,104.527
704,2015-08-21 0:00:00,105.215
705,2015-08-22 0:00:00,104.632
706,2015-08-23 0:00:00,105.429
707,2015-08-24 0:00:00,105.672
708,2015-08-25 0:00:00,105.023
709,2015-08-26 0:00:00,104.618
710,2015-08-27 0:00:00,104.797
711,2015-08-28 0:00:00,105.84
712,2015-08-29 0:00:00,106.31
713,2015-08-30 0:00:00,107.485
714,2015-08-31 0:00:00,106.589
715,2015-09-01 0:00:00,106.13
716,2015-09-02 0:00:00,105.861
717,2015-09-03 0:00:00,105.615
718,2015-09-04 0:00:00,105.284
719,2015-09-05 0:00:00,106.343
720,2015-09-06 0:00:00,106.698
721,2015-09-07 0:00:00,105.846
722,2015-09-08 0:00:00,105.349
723,2015-09-09 0:00:00,105.083
724,2015-09-10 0:00:00,105.031
725,2015-09-11 0:00:00,106.586
726,2015-09-12 0:00:00,107.175
727,2015-09-13 0:00:00,106.771
728,2015-09-14 0:00:00,106.96
729,2015-09-15 0:00:00,106.821
730,2015-09-16 0:00:00,106.573
731,2015-09-17 0:00:00,106.147
732,2015-09-18 0:00:00,105.53
733,2015-09-19 0:00:00,106.733
734,2015-09-20 0:00:00,106.96
735,2015-09-21 0:00:00,107.961
736,2015-09-22 0:00:00,108.653
737,2015-09-23 0:00:00,108.101
738,2015-09-24 0:00:00,107.572
739,2015-09-25 0:00:00,108.6
740,2015-09-26 0:00:00,108.697
741,2015-09-27 0:00:00,108.276
742,2015-09-28 0:00:00,108.103
743,2015-09-29 0:00:00,107.841
744,2015-09-30 0:00:00,108.155
745,2015-10-01 0:00:00,107.942
746,2015-10-02 0:00:00,109.013
747,2015-10-03 0:00:00,109.745
748,2015-10-04 0:00:00,109.299
749,2015-10-05 0:00:00,109.309
750,2015-10-06 0:00:00,109.654
751,2015-10-07 0:00:00,109.4
752,2015-10-08 0:00:00,108.998
753,2015-10-09 0:00:00,109.136
754,2015-10-10 0:00:00,109.552
755,2015-10-11 0:00:00,109.771
756,2015-10-12 0:00:00,109.928
757,2015-10-13 0:00:00,110.243
758,2015-10-14 0:00:00,110.627
759,2015-10-15 0:00:00,110.977
760,2015-10-16 0:00:00,111.252
761,2015-10-17 0:00:00,111.447
762,2015-10-18 0:00:00,111.51
763,2015-10-19 0:00:00,111.695
764,2015-10-20 0:00:00,111.802
765,2015-10-21 0:00:00,111.824
766,2015-10-22 0:00:00,111.94
767,2015-10-23 0:00:00,112.067
768,2015-10-24 0:00:00,112.293
769,2015-10-25 0:00:00,112.472
770,2015-10-26 0:00:00,112.668
771,2015-10-27 0:00:00,112.885
772,2015-10-28 0:00:00,112.903
773,2015-10-29 0:00:00,114.268
774,2015-10-30 0:00:00,115.81
775,2015-10-31 0:00:00,115.669
776,2015-11-01 0:00:00,115.632
777,2015-11-02 0:00:00,117.462
778,2015-11-03 0:00:00,116.716
779,2015-11-04 0:00:00,116.236
780,2015-11-05 0:00:00,115.999
781,2015-11-06 0:00:00,115.874
782,2015-11-07 0:00:00,115.78
783,2015-11-08 0:00:00,115.384
784,2015-11-09 0:00:00,116.236
785,2015-11-10 0:00:00,116.124
786,2015-11-11 0:00:00,115.742
787,2015-11-12 0:00:00,115.587
788,2015-11-13 0:00:00,115.641
789,2015-11-14 0:00:00,118.862
790,2015-11-15 0:00:00,121.876
791,2015-11-16 0:00:00,121.565
792,2015-11-17 0:00:00,121.437
793,2015-11-18 0:00:00,121.86
794,2015-11-19 0:00:00,122.331
795,2015-11-20 0:00:00,122.75
796,2015-11-21 0:00:00,122.994
797,2015-11-22 0:00:00,123.265
798,2015-11-23 0:00:00,123.528
799,2015-11-24 0:00:00,123.646
800,2015-11-25 0:00:00,123.705
801,2015-11-26 0:00:00,123.384
802,2015-11-27 0:00:00,123.207
803,2015-11-28 0:00:00,123.08
804,2015-11-29 0:00:00,122.94
805,2015-11-30 0:00:00,122.768
806,2015-12-01 0:00:00,122.61
807,2015-12-02 0:00:00,122.651
808,2015-12-03 0:00:00,122.949
809,2015-12-04 0:00:00,123.088
810,2015-12-05 0:00:00,123.061
811,2015-12-06 0:00:00,123.122
812,2015-12-07 0:00:00,122.968
813,2015-12-08 0:00:00,122.958
814,2015-12-09 0:00:00,122.888
815,2015-12-10 0:00:00,123.32
816,2015-12-11 0:00:00,123.368
817,2015-12-12 0:00:00,109.791
818,2015-12-13 0:00:00,102.559
819,2015-12-14 0:00:00,101.95
820,2015-12-15 0:00:00,102.14
821,2015-12-16 0:00:00,101.722
822,2015-12-17 0:00:00,101.102
823,2015-12-18 0:00:00,100.724
824,2015-12-19 0:00:00,100.813
825,2015-12-20 0:00:00,100.837
826,2015-12-21 0:00:00,100.759
827,2015-12-22 0:00:00,101.034
828,2015-12-23 0:00:00,100.911
829,2015-12-24 0:00:00,101.061
830,2015-12-25 0:00:00,100.693
831,2015-12-26 0:00:00,100.617
832,2015-12-27 0:00:00,100.505
833,2015-12-28 0:00:00,99.406
834,2015-12-29 0:00:00,99.218
835,2015-12-30 0:00:00,98.907
836,2015-12-31 0:00:00,98.834
837,2016-01-01 0:00:00,98.458
838,2016-01-02 0:00:00,98.076
839,2016-01-03 0:00:00,97.693
840,2016-01-04 0:00:00,97.605
841,2016-01-05 0:00:00,97.841
842,2016-01-06 0:00:00,98.059
843,2016-01-07 0:00:00,97.773
844,2016-01-08 0:00:00,97.423
845,2016-01-09 0:00:00,97.151
846,2016-01-10 0:00:00,97.213
847,2016-01-11 0:00:00,96.756
848,2016-01-12 0:00:00,96.642
849,2016-01-13 0:00:00,96.59
850,2016-01-14 0:00:00,96.352
851,2016-01-15 0:00:00,96.18
852,2016-01-16 0:00:00,96.155
853,2016-01-17 0:00:00,95.939
854,2016-01-18 0:00:00,95.861
855,2016-01-19 0:00:00,95.89
856,2016-01-20 0:00:00,95.714
857,2016-01-22 0:00:00,95.816
858,2016-01-23 0:00:00,95.674
859,2016-01-24 0:00:00,84.393
860,2016-01-25 0:00:00,96.402
861,2016-01-26 0:00:00,114.012
862,2016-01-27 0:00:00,129.682
863,2016-01-28 0:00:00,129.772
864,2016-01-29 0:00:00,130.16
865,2016-01-30 0:00:00,130.209
866,2016-01-31 0:00:00,129.759
867,2016-02-01 0:00:00,129.33
868,2016-02-02 0:00:00,129.301
869,2016-02-03 0:00:00,129.306
870,2016-02-04 0:00:00,129.509
871,2016-02-05 0:00:00,130.073
872,2016-02-06 0:00:00,128.2
873,2016-02-07 0:00:00,126.828
874,2016-02-08 0:00:00,128.367
875,2016-02-09 0:00:00,130.004
876,2016-02-10 0:00:00,131.9
877,2016-02-11 0:00:00,134.175
878,2016-02-12 0:00:00,136.657
879,2016-02-13 0:00:00,139.238
880,2016-02-14 0:00:00,142.058
881,2016-02-15 0:00:00,145.507
882,2016-02-16 0:00:00,149.578
883,2016-02-17 0:00:00,152.36
884,2016-02-18 0:00:00,152.661
885,2016-02-19 0:00:00,152.718
886,2016-02-20 0:00:00,153.555
887,2016-02-21 0:00:00,155.35
888,2016-02-22 0:00:00,157.915
889,2016-02-23 0:00:00,160.575
890,2016-02-24 0:00:00,164.08
891,2016-02-25 0:00:00,168.734
892,2016-02-26 0:00:00,173.493
893,2016-02-27 0:00:00,176.969
894,2016-02-28 0:00:00,179.649
895,2016-02-29 0:00:00,182.338
896,2016-03-01 0:00:00,185.397
897,2016-03-02 0:00:00,188.215
898,2016-03-03 0:00:00,190.722
899,2016-03-04 0:00:00,191.418
900,2016-03-05 0:00:00,190.746
901,2016-03-06 0:00:00,190.193
902,2016-03-07 0:00:00,189.834
903,2016-03-08 0:00:00,168.443
904,2016-03-09 0:00:00,155.44
905,2016-03-10 0:00:00,156.79
906,2016-03-11 0:00:00,157.21
907,2016-03-12 0:00:00,160.118
908,2016-03-13 0:00:00,160.196
909,2016-03-14 0:00:00,159.397
910,2016-03-15 0:00:00,159.101
911,2016-03-16 0:00:00,160.539
912,2016-03-17 0:00:00,164.249
913,2016-03-18 0:00:00,168.876
914,2016-03-19 0:00:00,172.693
915,2016-03-20 0:00:00,176.573
916,2016-03-21 0:00:00,177.855
917,2016-03-22 0:00:00,177.676
918,2016-03-23 0:00:00,178.567
919,2016-03-24 0:00:00,182.951
920,2016-03-25 0:00:00,193.818
921,2016-03-26 0:00:00,203.928
922,2016-03-27 0:00:00,207.911
923,2016-03-28 0:00:00,208.41
924,2016-03-29 0:00:00,209.594
925,2016-03-30 0:00:00,214.089
926,2016-03-31 0:00:00,218.02
927,2016-04-01 0:00:00,220.748
928,2016-04-02 0:00:00,224.144
929,2016-04-03 0:00:00,227.314
930,2016-04-04 0:00:00,230.452
931,2016-04-05 0:00:00,234.491
932,2016-04-06 0:00:00,240.146
933,2016-04-07 0:00:00,246.032
934,2016-04-08 0:00:00,248.398
935,2016-04-09 0:00:00,248.296
936,2016-04-10 0:00:00,246.646
937,2016-04-11 0:00:00,246.328
938,2016-04-12 0:00:00,247.177
939,2016-04-13 0:00:00,248.516
940,2016-04-14 0:00:00,249.958
941,2016-04-15 0:00:00,250.308
942,2016-04-16 0:00:00,252.955
943,2016-04-17 0:00:00,257.239
944,2016-04-18 0:00:00,261.483
945,2016-04-19 0:00:00,265.31
946,2016-04-20 0:00:00,269.001
947,2016-04-21 0:00:00,271.895
948,2016-04-22 0:00:00,272.231
949,2016-04-23 0:00:00,272.647
950,2016-04-24 0:00:00,274.967
951,2016-04-25 0:00:00,276.543
952,2016-04-26 0:00:00,279.003
953,2016-04-27 0:00:00,280.179
954,2016-04-28 0:00:00,282.348
955,2016-04-29 0:00:00,285.401
956,2016-04-30 0:00:00,287.078
957,2016-05-01 0:00:00,290.558
958,2016-05-02 0:00:00,292.682
959,2016-05-03 0:00:00,293.68
960,2016-05-04 0:00:00,295.131
961,2016-05-05 0:00:00,296.131
962,2016-05-06 0:00:00,296.495
963,2016-05-07 0:00:00,295.955
964,2016-05-08 0:00:00,296.099
965,2016-05-09 0:00:00,297.024
966,2016-05-10 0:00:00,298.149
967,2016-05-11 0:00:00,299.145
968,2016-05-12 0:00:00,299.366
969,2016-05-13 0:00:00,299.784
970,2016-05-14 0:00:00,300.304
971,2016-05-15 0:00:00,301.026
972,2016-05-16 0:00:00,301.418
973,2016-05-17 0:00:00,302.824
974,2016-05-18 0:00:00,304.484
975,2016-05-19 0:00:00,305.326
976,2016-05-20 0:00:00,304.276
977,2016-05-21 0:00:00,303.561
978,2016-05-22 0:00:00,303.041
979,2016-05-23 0:00:00,302.696
980,2016-05-24 0:00:00,302.427
981,2016-05-25 0:00:00,302.046
982,2016-05-26 0:00:00,301.523
983,2016-05-27 0:00:00,301.374
984,2016-05-28 0:00:00,301.51
985,2016-05-29 0:00:00,309.335
986,2016-05-30 0:00:00,313.57
987,2016-06-02 0:00:00,314.911
988,2016-06-03 0:00:00,314.466
989,2016-06-04 0:00:00,314.567
990,2016-06-05 0:00:00,314.631
991,2016-06-06 0:00:00,314.807
992,2016-06-07 0:00:00,315.027
993,2016-06-08 0:00:00,315.119
994,2016-06-09 0:00:00,314.974
995,2016-06-10 0:00:00,315.065
996,2016-06-11 0:00:00,314.885
997,2016-06-12 0:00:00,315.158
998,2016-06-13 0:00:00,315.372
999,2016-06-14 0:00:00,315.196
1000,2016-06-15 0:00:00,315.013
1001,2016-06-16 0:00:00,314.98
1002,2016-06-17 0:00:00,315.317
1003,2016-06-18 0:00:00,315.497
1004,2016-06-19 0:00:00,315.805
1005,2016-06-20 0:00:00,315.822
1006,2016-06-21 0:00:00,315.684
1007,2016-06-22 0:00:00,315.642
1008,2016-06-23 0:00:00,315.645
1009,2016-06-24 0:00:00,315.557
1010,2016-06-25 0:00:00,315.677
1011,2016-06-26 0:00:00,219.9
1012,2016-06-27 0:00:00,188.763
1013,2016-06-28 0:00:00,188.395
1014,2016-06-29 0:00:00,188.03
1015,2016-06-30 0:00:00,187.688
1016,2016-07-01 0:00:00,187.415
1017,2016-07-02 0:00:00,187.187
1018,2016-07-03 0:00:00,186.9
1019,2016-07-04 0:00:00,186.745
1020,2016-07-05 0:00:00,186.718
1021,2016-07-06 0:00:00,186.557
1022,2016-07-07 0:00:00,186.226
1023,2016-07-08 0:00:00,185.868
1024,2016-07-09 0:00:00,185.934
1025,2016-07-10 0:00:00,185.657
1026,2016-07-11 0:00:00,185.385
1027,2016-07-12 0:00:00,185.245
1028,2016-07-13 0:00:00,185.121
1029,2016-07-14 0:00:00,185.225
1030,2016-07-15 0:00:00,185.12
1031,2016-07-16 0:00:00,185.026
1032,2016-07-17 0:00:00,184.756
1033,2016-07-18 0:00:00,184.649
1034,2016-07-19 0:00:00,184.154
1035,2016-07-20 0:00:00,183.638
1036,2016-07-21 0:00:00,183.457
1037,2016-07-22 0:00:00,182.959
1038,2016-07-23 0:00:00,182.569
1039,2016-07-24 0:00:00,182.461
1040,2016-07-25 0:00:00,182.087
1041,2016-07-26 0:00:00,181.853
1042,2016-07-27 0:00:00,181.618
1043,2016-07-28 0:00:00,181.316
1044,2016-07-29 0:00:00,181.236
1045,2016-07-30 0:00:00,181.056
1046,2016-07-31 0:00:00,180.83
1047,2016-08-01 0:00:00,180.494
1048,2016-08-02 0:00:00,180.265
1049,2016-08-03 0:00:00,180.244
1050,2016-08-04 0:00:00,180.523
1051,2016-08-05 0:00:00,180.003
1052,2016-08-06 0:00:00,179.795
1053,2016-08-07 0:00:00,179.364
1054,2016-08-08 0:00:00,178.703
1055,2016-08-09 0:00:00,178.19
1056,2016-08-10 0:00:00,177.665
1057,2016-08-11 0:00:00,177.283
1058,2016-08-12 0:00:00,176.814
1059,2016-08-13 0:00:00,176.511
1060,2016-08-14 0:00:00,176.016
1061,2016-08-15 0:00:00,175.732
1062,2016-08-16 0:00:00,175.339
1063,2016-08-17 0:00:00,175.118
1064,2016-08-18 0:00:00,174.619
1065,2016-08-19 0:00:00,174.417
1066,2016-08-20 0:00:00,173.977
1067,2016-08-21 0:00:00,173.378
1068,2016-08-22 0:00:00,172.973
1069,2016-08-23 0:00:00,172.473
1070,2016-08-24 0:00:00,171.974
1071,2016-08-25 0:00:00,171.647
1072,2016-08-26 0:00:00,171.131
1073,2016-08-27 0:00:00,170.751
1074,2016-08-28 0:00:00,158.354
1075,2016-08-29 0:00:00,143.981
1076,2016-08-30 0:00:00,143.392
1077,2016-08-31 0:00:00,143.084
1078,2016-09-01 0:00:00,142.503
1079,2016-09-02 0:00:00,142.031
1080,2016-09-03 0:00:00,141.817
1081,2016-09-04 0:00:00,141.368
1082,2016-09-05 0:00:00,140.983
1083,2016-09-06 0:00:00,140.758
1084,2016-09-07 0:00:00,140.635
1085,2016-09-08 0:00:00,140.536
1086,2016-09-09 0:00:00,140.41
1087,2016-09-10 0:00:00,140.347
1088,2016-09-11 0:00:00,140.22
1089,2016-09-12 0:00:00,140.197
1090,2016-09-13 0:00:00,139.691
1091,2016-09-14 0:00:00,139.418
1092,2016-09-15 0:00:00,139.41
1093,2016-09-16 0:00:00,139.346
1094,2016-09-17 0:00:00,139.509
1095,2016-09-18 0:00:00,139.733
1096,2016-09-19 0:00:00,139.969
1097,2016-09-20 0:00:00,140.286
1098,2016-09-21 0:00:00,140.352
1099,2016-09-22 0:00:00,139.698
1100,2016-09-23 0:00:00,139.304
1101,2016-09-24 0:00:00,139.493
1102,2016-09-25 0:00:00,139.867
1103,2016-09-26 0:00:00,139.858
1104,2016-09-27 0:00:00,139.739
1105,2016-09-28 0:00:00,139.762
1106,2016-09-29 0:00:00,139.543
1107,2016-09-30 0:00:00,139.268
1108,2016-10-01 0:00:00,138.95
1109,2016-10-02 0:00:00,138.781
1110,2016-10-03 0:00:00,138.524
1111,2016-10-04 0:00:00,137.995
1112,2016-10-05 0:00:00,137.428
1113,2016-10-06 0:00:00,137.041
1114,2016-10-07 0:00:00,136.739
1115,2016-10-08 0:00:00,136.453
1116,2016-10-09 0:00:00,136.3
1117,2016-10-10 0:00:00,136.435
1118,2016-10-11 0:00:00,136.21
1119,2016-10-12 0:00:00,135.83
1120,2016-10-13 0:00:00,135.439
1121,2016-10-14 0:00:00,135.466
1122,2016-10-15 0:00:00,135.432
1123,2016-10-16 0:00:00,135.878
1124,2016-10-17 0:00:00,140.764
1125,2016-10-18 0:00:00,147.683
1126,2016-10-19 0:00:00,146.972
1127,2016-10-20 0:00:00,146.338
1128,2016-10-21 0:00:00,145.639
1129,2016-10-22 0:00:00,145.353
1130,2016-10-23 0:00:00,145.038
1131,2016-10-24 0:00:00,144.669
1132,2016-10-25 0:00:00,144.284
1133,2016-10-26 0:00:00,145.498
1134,2016-10-27 0:00:00,147.489
1135,2016-10-28 0:00:00,147.531
1136,2016-10-29 0:00:00,147.031
1137,2016-10-30 0:00:00,147.082
1138,2016-10-31 0:00:00,147.134
1139,2016-11-01 0:00:00,146.715
1140,2016-11-02 0:00:00,146.266
1141,2016-11-03 0:00:00,145.856
1142,2016-11-04 0:00:00,145.464
1143,2016-11-05 0:00:00,145.179
1144,2016-11-06 0:00:00,144.907
1145,2016-11-07 0:00:00,144.694
1146,2016-11-08 0:00:00,144.494
1147,2016-11-09 0:00:00,144.344
1148,2016-11-10 0:00:00,144.206
1149,2016-11-11 0:00:00,144.101
1150,2016-11-12 0:00:00,143.904
1151,2016-11-13 0:00:00,143.771
1152,2016-11-14 0:00:00,143.807
1153,2016-11-15 0:00:00,143.686
1154,2016-11-16 0:00:00,143.419
1155,2016-11-17 0:00:00,143.04
1156,2016-11-18 0:00:00,142.607
1157,2016-11-19 0:00:00,142.242
1158,2016-11-20 0:00:00,142.175
1159,2016-11-21 0:00:00,141.934
1160,2016-11-22 0:00:00,141.65
1161,2016-11-23 0:00:00,141.611
1162,2016-11-24 0:00:00,141.352
1163,2016-11-25 0:00:00,141.067
1164,2016-11-26 0:00:00,141.025
1165,2016-11-27 0:00:00,141.004
1166,2016-11-28 0:00:00,140.486
1167,2016-11-29 0:00:00,139.953
1168,2016-11-30 0:00:00,139.591
1169,2016-12-01 0:00:00,139.229
1170,2016-12-02 0:00:00,138.799
1171,2016-12-03 0:00:00,138.141
1172,2016-12-04 0:00:00,137.637
1173,2016-12-05 0:00:00,137.528
1174,2016-12-06 0:00:00,137.427
1175,2016-12-07 0:00:00,137.268
1176,2016-12-08 0:00:00,137.668
1177,2016-12-11 0:00:00,71.444
1178,2016-12-12 0:00:00,77.126
1179,2016-12-13 0:00:00,76.743
1180,2016-12-14 0:00:00,76.321
1181,2016-12-15 0:00:00,76.236
1182,2016-12-16 0:00:00,76.135
1183,2016-12-17 0:00:00,75.932
1184,2016-12-18 0:00:00,75.707
1185,2016-12-19 0:00:00,75.292
1186,2016-12-20 0:00:00,74.444
1187,2016-12-21 0:00:00,73.706
1188,2016-12-22 0:00:00,73.38
1189,2016-12-23 0:00:00,73.392
1190,2016-12-24 0:00:00,73.153
1191,2016-12-25 0:00:00,72.969
1192,2016-12-26 0:00:00,72.698
1193,2016-12-27 0:00:00,72.392
1194,2016-12-28 0:00:00,71.729
1195,2016-12-29 0:00:00,70.437
1196,2016-12-30 0:00:00,69.266
1197,2016-12-31 0:00:00,70.36
1198,2017-01-01 0:00:00,71.474
1199,2017-01-02 0:00:00,70.145
1200,2017-01-03 0:00:00,70.11
1201,2017-01-04 0:00:00,70.026
1202,2017-01-05 0:00:00,70.834
1203,2017-01-06 0:00:00,69.337
1204,2017-01-07 0:00:00,71.677
1205,2017-01-08 0:00:00,70.394
1206,2017-01-09 0:00:00,70.171
1207,2017-01-10 0:00:00,72.296
1208,2017-01-11 0:00:00,71.301
1209,2017-01-12 0:00:00,71.22
1210,2017-01-13 0:00:00,69.144
1211,2017-01-14 0:00:00,66.617
1212,2017-01-15 0:00:00,65.909
1213,2017-01-16 0:00:00,65.541
1214,2017-01-17 0:00:00,65.212
1215,2017-01-18 0:00:00,65.345
1216,2017-01-19 0:00:00,65.203
1217,2017-01-20 0:00:00,64.998
1218,2017-01-21 0:00:00,64.756
1219,2017-01-22 0:00:00,64.611
1220,2017-01-23 0:00:00,64.425
1221,2017-01-24 0:00:00,64.106
1222,2017-01-25 0:00:00,63.561
1223,2017-01-26 0:00:00,63.084
1224,2017-01-27 0:00:00,62.694
1225,2017-01-28 0:00:00,62.207
1226,2017-01-29 0:00:00,61.68
1227,2017-01-30 0:00:00,61.351
1228,2017-01-31 0:00:00,60.996
1229,2017-02-01 0:00:00,60.705
1230,2017-02-02 0:00:00,60.571
1231,2017-02-03 0:00:00,60.563
1232,2017-02-04 0:00:00,60.45
1233,2017-02-05 0:00:00,60.243
1234,2017-02-06 0:00:00,60.313
1235,2017-02-07 0:00:00,60.42
1236,2017-02-08 0:00:00,60.328
1237,2017-02-09 0:00:00,60.309
1238,2017-02-10 0:00:00,60.234
1239,2017-02-11 0:00:00,59.908
1240,2017-02-12 0:00:00,59.692
1241,2017-02-13 0:00:00,59.339
1242,2017-02-14 0:00:00,59.028
1243,2017-02-15 0:00:00,58.64
1244,2017-02-16 0:00:00,58.599
1245,2017-02-17 0:00:00,58.627
1246,2017-02-18 0:00:00,58.512
1247,2017-02-19 0:00:00,58.274
1248,2017-02-20 0:00:00,58.607
1249,2017-02-21 0:00:00,58.545
1250,2017-02-22 0:00:00,58.301
1251,2017-02-23 0:00:00,57.98
1252,2017-02-24 0:00:00,57.585
1253,2017-02-25 0:00:00,57.147
1254,2017-02-26 0:00:00,56.84
1255,2017-02-27 0:00:00,56.566
1256,2017-02-28 0:00:00,56.297
1257,2017-03-01 0:00:00,55.977
1258,2017-03-02 0:00:00,55.745
1259,2017-03-03 0:00:00,55.489
1260,2017-03-04 0:00:00,55.435
1261,2017-03-05 0:00:00,55.705
1262,2017-03-06 0:00:00,55.528
1263,2017-03-07 0:00:00,55.188
1264,2017-03-08 0:00:00,54.924
1265,2017-03-09 0:00:00,54.799
1266,2017-03-10 0:00:00,54.668
1267,2017-03-11 0:00:00,54.768
1268,2017-03-12 0:00:00,54.829
1269,2017-03-13 0:00:00,2.348
1270,2017-03-14 0:00:00,2.564
1271,2017-03-15 0:00:00,2.69
1272,2017-03-16 0:00:00,2.822
1273,2017-03-17 0:00:00,3.174
1274,2017-03-18 0:00:00,3.44
1275,2017-03-19 0:00:00,3.489
1276,2017-03-20 0:00:00,3.656
1277,2017-03-21 0:00:00,3.827
1278,2017-03-22 0:00:00,4.091
1279,2017-03-23 0:00:00,2.76
1280,2017-03-24 0:00:00,1.233
1281,2017-03-25 0:00:00,2.498
1282,2017-03-26 0:00:00,2.66
1283,2017-03-27 0:00:00,2.712
1284,2017-03-28 0:00:00,2.916
1285,2017-03-29 0:00:00,3.424
1286,2017-03-30 0:00:00,3.765
1287,2017-03-31 0:00:00,3.808
1288,2017-04-01 0:00:00,4.322
1289,2017-04-02 0:00:00,5.299
1290,2017-04-03 0:00:00,6.385
1291,2017-04-04 0:00:00,7.18
1292,2017-04-05 0:00:00,8.101
1293,2017-04-06 0:00:00,8.761
1294,2017-04-07 0:00:00,8.62
1295,2017-04-08 0:00:00,8.423
1296,2017-04-09 0:00:00,8.366
1297,2017-04-10 0:00:00,8.961
1298,2017-04-11 0:00:00,9.541
1299,2017-04-12 0:00:00,14.784
1300,2017-04-13 0:00:00,25.363
1301,2017-04-14 0:00:00,24.944
1302,2017-04-15 0:00:00,24.963
1303,2017-04-16 0:00:00,25.087
1304,2017-04-17 0:00:00,24.966
1305,2017-04-18 0:00:00,25.381
1306,2017-04-19 0:00:00,25.523
1307,2017-04-20 0:00:00,25.688
1308,2017-04-21 0:00:00,25.945
1309,2017-04-22 0:00:00,26.449
1310,2017-04-23 0:00:00,26.725
1311,2017-04-24 0:00:00,27.06
1312,2017-04-25 0:00:00,27.714
1313,2017-04-26 0:00:00,28.527
1314,2017-04-27 0:00:00,29.426
1315,2017-04-28 0:00:00,30.073
1316,2017-04-29 0:00:00,30.689
1317,2017-04-30 0:00:00,28.157
1318,2017-05-01 0:00:00,10.986
1319,2017-05-05 0:00:00,18.014
1320,2017-05-06 0:00:00,18.194
1321,2017-05-07 0:00:00,18.714
1322,2017-05-08 0:00:00,19.96
1323,2017-05-09 0:00:00,21.577
1324,2017-05-10 0:00:00,22.805
1325,2017-05-11 0:00:00,23.175
1326,2017-05-12 0:00:00,24.11
1327,2017-05-13 0:00:00,24.629
1328,2017-05-14 0:00:00,25.386
1329,2017-05-15 0:00:00,26.559
1330,2017-05-16 0:00:00,27.479
1331,2017-05-17 0:00:00,28.274
1332,2017-05-18 0:00:00,30.772
1333,2017-05-19 0:00:00,33.014
1334,2017-05-20 0:00:00,14.614
1335,2017-05-21 0:00:00,16.973
1336,2017-05-22 0:00:00,18.208
1337,2017-05-23 0:00:00,19.58
1338,2017-05-24 0:00:00,20.825
1339,2017-05-25 0:00:00,21.568
1340,2017-05-26 0:00:00,21.939
1341,2017-05-27 0:00:00,23.303
1342,2017-05-28 0:00:00,25.034
1343,2017-05-29 0:00:00,26.471
1344,2017-05-30 0:00:00,27.655
1345,2017-05-31 0:00:00,29.173
1346,2017-06-01 0:00:00,31.0
1347,2017-06-02 0:00:00,41.139
1348,2017-06-03 0:00:00,47.511
1349,2017-06-04 0:00:00,48.572
1350,2017-06-05 0:00:00,49.644
1351,2017-06-06 0:00:00,51.175
1352,2017-06-07 0:00:00,52.131
1353,2017-06-08 0:00:00,52.688
1354,2017-06-09 0:00:00,52.728
1355,2017-06-10 0:00:00,53.147
1356,2017-06-11 0:00:00,53.322
1357,2017-06-12 0:00:00,53.433
1358,2017-06-13 0:00:00,54.035
1359,2017-06-14 0:00:00,55.439
1360,2017-06-15 0:00:00,57.447
1361,2017-06-16 0:00:00,60.012
1362,2017-06-17 0:00:00,62.836
1363,2017-06-18 0:00:00,65.807
1364,2017-06-19 0:00:00,68.325
1365,2017-06-20 0:00:00,70.486
1366,2017-06-21 0:00:00,72.975
1367,2017-06-22 0:00:00,75.934
1368,2017-06-23 0:00:00,78.085
1369,2017-06-24 0:00:00,79.73
1370,2017-06-25 0:00:00,81.262
1371,2017-06-26 0:00:00,82.817
1372,2017-06-27 0:00:00,84.265
1373,2017-06-28 0:00:00,86.372
1374,2017-06-29 0:00:00,88.727
1375,2017-06-30 0:00:00,90.253
1376,2017-07-01 0:00:00,90.952
1377,2017-07-02 0:00:00,92.118
1378,2017-07-03 0:00:00,93.762
1379,2017-07-04 0:00:00,95.236
1380,2017-07-05 0:00:00,96.715
1381,2017-07-06 0:00:00,98.172
1382,2017-07-07 0:00:00,100.132
1383,2017-07-08 0:00:00,101.869
1384,2017-07-09 0:00:00,103.173
1385,2017-07-10 0:00:00,104.875
1386,2017-07-11 0:00:00,107.425
1387,2017-07-12 0:00:00,109.502
1388,2017-07-13 0:00:00,111.209
1389,2017-07-14 0:00:00,112.684
1390,2017-07-15 0:00:00,114.388
1391,2017-07-16 0:00:00,116.344
1392,2017-07-17 0:00:00,116.383
1393,2017-07-18 0:00:00,116.997
1394,2017-07-19 0:00:00,117.688
1395,2017-07-20 0:00:00,118.441
1396,2017-07-21 0:00:00,119.017
1397,2017-07-22 0:00:00,120.089
1398,2017-07-23 0:00:00,121.46
1399,2017-07-24 0:00:00,122.115
1400,2017-07-25 0:00:00,122.215
1401,2017-07-26 0:00:00,122.461
1402,2017-07-27 0:00:00,122.624
1403,2017-07-28 0:00:00,122.742
1404,2017-07-29 0:00:00,122.453
1405,2017-07-30 0:00:00,78.692
1406,2017-07-31 0:00:00,53.325
1407,2017-08-01 0:00:00,52.64
1408,2017-08-02 0:00:00,51.597
1409,2017-08-03 0:00:00,51.007
1410,2017-08-04 0:00:00,50.547
1411,2017-08-05 0:00:00,49.976
1412,2017-08-06 0:00:00,49.506
1413,2017-08-07 0:00:00,48.915
1414,2017-08-08 0:00:00,48.48
1415,2017-08-09 0:00:00,47.912
1416,2017-08-10 0:00:00,47.424
1417,2017-08-11 0:00:00,46.789
1418,2017-08-12 0:00:00,46.661
1419,2017-08-13 0:00:00,46.0
1420,2017-08-14 0:00:00,45.338
1421,2017-08-15 0:00:00,45.254
1422,2017-08-16 0:00:00,44.829
1423,2017-08-17 0:00:00,44.133
1424,2017-08-18 0:00:00,43.888
1425,2017-08-19 0:00:00,43.461
1426,2017-08-20 0:00:00,42.918
1427,2017-08-21 0:00:00,42.466
1428,2017-08-22 0:00:00,42.283
1429,2017-08-23 0:00:00,42.923
1430,2017-08-24 0:00:00,42.863
1431,2017-08-25 0:00:00,42.416
1432,2017-08-26 0:00:00,41.813
1433,2017-08-27 0:00:00,40.857
1434,2017-08-28 0:00:00,39.897
1435,2017-08-29 0:00:00,39.484
1436,2017-08-30 0:00:00,39.433
1437,2017-08-31 0:00:00,38.821
1438,2017-09-01 0:00:00,38.058
1439,2017-09-02 0:00:00,37.463
1440,2017-09-03 0:00:00,36.874
1441,2017-09-04 0:00:00,36.857
1442,2017-09-05 0:00:00,36.725
1443,2017-09-06 0:00:00,36.614
1444,2017-09-07 0:00:00,36.771
1445,2017-09-08 0:00:00,36.665
1446,2017-09-09 0:00:00,36.325
1447,2017-09-10 0:00:00,36.035
1448,2017-09-11 0:00:00,35.884
1449,2017-09-12 0:00:00,35.649
1450,2017-09-13 0:00:00,35.511
1451,2017-09-14 0:00:00,35.359
1452,2017-09-15 0:00:00,34.708
1453,2017-09-16 0:00:00,34.254
1454,2017-09-17 0:00:00,34.051
1455,2017-09-18 0:00:00,33.789
1456,2017-09-19 0:00:00,33.469
1457,2017-09-20 0:00:00,33.162
1458,2017-09-21 0:00:00,33.019
1459,2017-09-22 0:00:00,32.445
1460,2017-09-23 0:00:00,31.848
1461,2017-09-24 0:00:00,31.515
1462,2017-09-25 0:00:00,31.122
1463,2017-09-26 0:00:00,30.779
1464,2017-09-27 0:00:00,30.645
1465,2017-09-28 0:00:00,30.376
1466,2017-09-29 0:00:00,30.217
1467,2017-09-30 0:00:00,29.785
1468,2017-10-01 0:00:00,29.171
1469,2017-10-02 0:00:00,28.932
1470,2017-10-03 0:00:00,28.451
1471,2017-10-04 0:00:00,27.985
1472,2017-10-05 0:00:00,28.151
1473,2017-10-06 0:00:00,28.833
1474,2017-10-07 0:00:00,28.439
1475,2017-10-08 0:00:00,28.222
1476,2017-10-09 0:00:00,27.896
1477,2017-10-10 0:00:00,27.765
1478,2017-10-11 0:00:00,27.835
1479,2017-10-12 0:00:00,27.352
1480,2017-10-13 0:00:00,26.972
1481,2017-10-14 0:00:00,26.861
1482,2017-10-21 0:00:00,19.853
1483,2017-10-22 0:00:00,17.753
1484,2017-10-23 0:00:00,17.797
1485,2017-10-25 0:00:00,98.513
1486,2017-10-26 0:00:00,135.945
1487,2017-10-27 0:00:00,117.75
1488,2017-10-28 0:00:00,93.74
1489,2017-10-29 0:00:00,94.474
1490,2017-10-30 0:00:00,95.798
1491,2017-10-31 0:00:00,16.191
1492,2017-11-01 0:00:00,19.862
1493,2017-11-02 0:00:00,23.255
1494,2017-11-03 0:00:00,23.367
1495,2017-11-04 0:00:00,23.345
1496,2017-11-05 0:00:00,23.233
